,latitude,longitude,depth,place
10978,36.14,4.408,17.0,northern Algeria
10979,36.116,4.4430000000000005,33.0,northern Algeria
10993,36.19300000000001,4.466,33.0,northern Algeria
12381,36.065,4.498,33.0,northern Algeria
12589,35.979,4.385,33.0,northern Algeria
14191,36.542,4.41,33.0,northern Algeria
14872,34.806999999999995,5.051,33.0,northern Algeria
14887,34.996,4.5760000000000005,30.0,northern Algeria
16357,36.586,5.271,33.0,northern Algeria
16367,36.669,5.19,33.0,northern Algeria
16723,35.969,4.785,37.0,northern Algeria
20300,36.382,5.2970000000000015,33.0,northern Algeria
28834,36.32,5.2410000000000005,33.0,northern Algeria
29107,36.64,2.832,10.0,northern Algeria
29275,36.42,3.84,33.0,northern Algeria
33403,36.061,3.838,15.0,northern Algeria
55574,36.257,5.738,18.0,northern Algeria
71073,36.596,7.382999999999999,33.0,northern Algeria
74969,36.578,4.8180000000000005,33.0,northern Algeria
79636,36.477,6.154,33.0,northern Algeria
80333,36.611,2.892,33.0,northern Algeria
85362,33.319,0.192,10.0,northern Algeria
86007,36.678,5.37,33.0,northern Algeria
91254,32.981,1.2990000000000002,33.0,northern Algeria
91450,35.99,3.369,10.0,northern Algeria
110198,35.07,-1.225,10.0,northern Algeria
113815,36.424,1.758,33.0,northern Algeria
117843,35.747,1.121,33.0,northern Algeria
128980,36.195,1.354,10.0,northern Algeria
128981,36.364,1.632,10.0,northern Algeria
128986,36.046,1.348,10.0,northern Algeria
128988,36.246,1.493,10.0,northern Algeria
128992,35.931,1.652,10.0,northern Algeria
128993,35.969,1.356,10.0,northern Algeria
128995,36.175,1.794,10.0,northern Algeria
128996,36.221,1.611,10.0,northern Algeria
129003,36.461,1.372,10.0,northern Algeria
129006,36.066,1.345,10.0,northern Algeria
129011,36.353,1.596,11.0,northern Algeria
129017,36.331,1.523,10.0,northern Algeria
129021,36.3,1.4509999999999998,10.0,northern Algeria
129027,36.241,1.81,10.0,northern Algeria
129028,36.17,1.371,10.0,northern Algeria
129034,36.225,1.533,10.0,northern Algeria
129042,36.37,1.59,10.0,northern Algeria
129075,36.221,1.7719999999999998,10.0,northern Algeria
129084,36.247,1.675,10.0,northern Algeria
129095,36.481,1.568,10.0,northern Algeria
129105,36.167,1.453,10.0,northern Algeria
129167,36.26,1.569,10.0,northern Algeria
129187,36.259,1.7180000000000002,10.0,northern Algeria
129204,36.162,1.3030000000000002,10.0,northern Algeria
129216,36.534,1.376,10.0,northern Algeria
129254,36.338,1.6769999999999998,10.0,northern Algeria
129280,36.298,1.514,10.0,northern Algeria
129282,36.412,1.503,10.0,northern Algeria
129309,35.961,1.334,10.0,northern Algeria
129546,35.707,1.462,10.0,northern Algeria
129637,36.308,1.719,10.0,northern Algeria
129696,36.374,1.518,10.0,northern Algeria
129760,36.421,1.528,10.0,northern Algeria
129830,36.411,1.96,10.0,northern Algeria
129837,36.405,2.016,10.0,northern Algeria
129953,36.413,1.605,10.0,northern Algeria
130131,36.408,1.6780000000000002,10.0,northern Algeria
130247,36.317,1.648,10.0,northern Algeria
130588,36.511,1.587,10.0,northern Algeria
130594,36.106,1.36,10.0,northern Algeria
130695,36.436,1.3330000000000002,10.0,northern Algeria
132581,36.399,1.508,10.0,northern Algeria
132704,35.949,1.365,10.0,northern Algeria
132837,36.027,1.229,10.0,northern Algeria
132872,35.561,1.29,10.0,northern Algeria
133719,36.423,7.762,10.0,northern Algeria
134018,35.77,1.421,10.0,northern Algeria
134084,35.52,1.258,10.0,northern Algeria
135590,36.357,1.64,10.0,northern Algeria
135598,36.264,1.351,10.0,northern Algeria
135788,36.432,1.592,10.0,northern Algeria
135828,36.129,2.181,10.0,northern Algeria
135952,36.222,1.63,10.0,northern Algeria
136789,36.44300000000001,1.655,10.0,northern Algeria
136826,36.343,1.694,10.0,northern Algeria
136835,36.441,1.6780000000000002,10.0,northern Algeria
136933,36.406,1.521,10.0,northern Algeria
137158,36.332,1.497,10.0,northern Algeria
138141,35.9,1.28,10.0,northern Algeria
138457,36.137,0.998,10.0,northern Algeria
138975,35.509,1.26,10.0,northern Algeria
142296,36.694,1.848,16.6,northern Algeria
142306,36.647,1.869,10.0,northern Algeria
144589,36.242,1.676,10.0,northern Algeria
146878,36.167,1.575,10.0,northern Algeria
150641,36.338,1.607,10.0,northern Algeria
150709,36.253,1.6969999999999998,10.0,northern Algeria
152263,36.332,1.679,10.0,northern Algeria
153087,34.786,0.7859999999999999,6.0,northern Algeria
158721,36.326,1.494,10.0,northern Algeria
159053,35.905,1.105,10.0,northern Algeria
160426,36.424,1.5490000000000002,10.0,northern Algeria
162152,35.874,1.4,10.0,northern Algeria
178593,36.184,1.477,10.0,northern Algeria
181739,34.397,7.676,10.0,northern Algeria
183943,35.594,1.401,10.0,northern Algeria
192734,35.74800000000001,1.325,10.0,northern Algeria
192759,35.637,1.358,10.0,northern Algeria
192823,36.372,1.668,10.0,northern Algeria
192824,36.326,2.025,10.0,northern Algeria
193950,36.281,1.949,10.0,northern Algeria
198572,36.088,1.351,10.0,northern Algeria
199604,36.208,1.514,10.0,northern Algeria
201498,35.631,1.324,10.0,northern Algeria
202887,36.525,3.228,10.0,northern Algeria
238826,35.975,1.459,10.0,northern Algeria
247692,36.524,5.477,10.0,northern Algeria
253003,36.944,2.878,10.0,northern Algeria
254631,36.558,6.7410000000000005,10.0,northern Algeria
258371,35.581,5.104,10.0,northern Algeria
269747,36.523,1.818,10.0,northern Algeria
282547,36.449,1.547,10.0,northern Algeria
299188,36.071,6.915,10.0,northern Algeria
325703,35.547,1.4380000000000002,10.0,northern Algeria
345779,35.159,-1.413,10.0,northern Algeria
346343,36.926,4.034,10.0,northern Algeria
353953,36.063,1.192,10.9,northern Algeria
354453,35.866,1.347,24.3,northern Algeria
360795,36.255,5.447,10.0,northern Algeria
361650,36.46,6.761,10.0,northern Algeria
361676,35.249,7.386,10.0,northern Algeria
361683,36.229,7.24,10.0,northern Algeria
362451,36.8,6.65,10.0,northern Algeria
374139,36.291,2.853,28.1,northern Algeria
378075,36.493,2.885,10.0,northern Algeria
378521,35.624,1.4480000000000002,31.3,northern Algeria
383785,35.417,1.5219999999999998,10.0,northern Algeria
383817,36.386,6.707999999999998,10.0,northern Algeria
384546,36.311,1.749,10.0,northern Algeria
390648,35.886,0.217,10.0,northern Algeria
391996,35.326,6.121,10.0,northern Algeria
392283,36.358,1.575,10.0,northern Algeria
413870,36.583,1.159,5.0,northern Algeria
425353,33.523,0.909,10.0,northern Algeria
425461,36.666,1.525,10.0,northern Algeria
425511,36.298,1.854,10.0,northern Algeria
426054,36.061,1.628,10.0,northern Algeria
431063,36.747,3.333,10.0,northern Algeria
435226,35.964,1.374,10.0,northern Algeria
439367,35.903,1.439,10.2,northern Algeria
445965,36.011,5.7010000000000005,10.0,northern Algeria
451980,36.788,2.164,10.0,northern Algeria
455623,36.219,3.3680000000000003,10.0,northern Algeria
462760,35.91300000000001,-0.6509999999999999,10.0,northern Algeria
481702,36.121,1.798,10.0,northern Algeria
488079,36.891,4.606,10.0,northern Algeria
495483,35.985,-0.7290000000000001,10.0,northern Algeria
499464,36.742,1.489,10.0,northern Algeria
506386,35.171,5.954,10.0,northern Algeria
507044,36.557,1.721,10.0,northern Algeria
507689,36.739,6.194,10.0,northern Algeria
516564,35.971,2.832,10.0,northern Algeria
518424,36.227,2.705,10.0,northern Algeria
519611,36.356,1.695,9.5,northern Algeria
522922,36.297,1.775,10.0,northern Algeria
523466,36.391,2.648,10.0,northern Algeria
525734,35.56,0.741,10.0,northern Algeria
525735,35.56,0.741,10.0,northern Algeria
530149,36.487,1.286,33.0,northern Algeria
534318,35.966,-0.8140000000000001,10.0,northern Algeria
545494,36.574,1.6469999999999998,10.0,northern Algeria
548441,36.145,2.782,10.0,northern Algeria
558132,36.327,4.485,10.0,northern Algeria
560332,36.788,2.448,5.7,northern Algeria
560334,36.745,2.443,10.0,northern Algeria
560343,36.531,2.492,10.0,northern Algeria
560347,36.828,2.43,10.0,northern Algeria
560374,36.639,2.55,10.0,northern Algeria
560432,36.382,2.661,10.0,northern Algeria
560798,36.53,2.487,10.0,northern Algeria
561651,36.728,2.379,10.0,northern Algeria
561816,36.747,2.399,10.0,northern Algeria
564827,36.567,2.5610000000000004,10.0,northern Algeria
571506,35.817,1.227,10.0,northern Algeria
574566,36.451,2.589,10.0,northern Algeria
575292,36.419,1.727,10.0,northern Algeria
575647,36.106,1.94,10.0,northern Algeria
575746,36.749,2.5340000000000003,10.0,northern Algeria
576315,36.775,2.477,12.4,northern Algeria
576326,36.699,2.5,10.0,northern Algeria
576327,36.64,2.5810000000000004,10.0,northern Algeria
576342,36.713,2.477,10.0,northern Algeria
576345,36.794,2.5,10.0,northern Algeria
577692,36.739,2.528,10.0,northern Algeria
577843,36.609,2.576,10.0,northern Algeria
581198,36.796,6.312,10.0,northern Algeria
581199,36.796,6.312,10.0,northern Algeria
583586,36.578,2.585,33.0,northern Algeria
588909,36.768,2.492,13.5,northern Algeria
589276,36.604,2.551,10.0,northern Algeria
596094,35.775,-1.22,28.8,northern Algeria
596262,35.853,-0.99,10.0,northern Algeria
605197,36.647,2.839,10.0,northern Algeria
605432,36.489,2.912,10.0,northern Algeria
606928,36.679,2.455,10.0,northern Algeria
629357,36.562,3.214,10.0,northern Algeria
633310,35.662,0.417,10.0,northern Algeria
650687,36.545,1.726,10.0,northern Algeria
650834,36.579,1.6769999999999998,10.0,northern Algeria
655852,35.885,-0.394,10.0,northern Algeria
657971,36.726,5.287000000000001,10.0,northern Algeria
675398,36.143,1.945,10.0,northern Algeria
675401,36.166,1.936,10.0,northern Algeria
675430,36.283,1.781,12.1,northern Algeria
675432,36.338,1.911,10.0,northern Algeria
675435,36.361,1.911,10.0,northern Algeria
680586,35.904,-0.319,10.0,northern Algeria
680590,35.855,-0.397,10.0,northern Algeria
684317,36.187,3.048,10.0,northern Algeria
684738,32.953,-0.17,10.0,northern Algeria
705045,36.292,1.503,10.0,northern Algeria
718394,36.908,1.975,10.0,northern Algeria
726944,35.98900000000001,-0.195,10.0,northern Algeria
737382,36.436,5.7639999999999985,10.0,northern Algeria
741806,36.582,5.388,10.0,northern Algeria
748771,35.257,-1.435,10.0,northern Algeria
748774,35.533,-1.585,10.0,northern Algeria
758324,36.337,3.5860000000000003,10.0,northern Algeria
770135,36.74800000000001,2.479,10.0,northern Algeria
773859,36.01,1.845,10.0,northern Algeria
773860,35.952,1.896,16.6,northern Algeria
784916,36.189,1.392,10.0,northern Algeria
790688,36.249,4.018,10.0,northern Algeria
797134,35.771,-0.058,10.0,northern Algeria
805334,36.179,2.814,10.0,northern Algeria
808993,36.706,7.0939999999999985,10.0,northern Algeria
816475,36.676,2.167,10.0,northern Algeria
816520,36.42,2.485,10.0,northern Algeria
830400,36.45,2.88,10.0,northern Algeria
837456,36.609,3.357,10.0,northern Algeria
849288,36.309,1.095,10.0,northern Algeria
849289,36.309,1.095,10.0,northern Algeria
859484,36.473,3.524,10.0,northern Algeria
861383,36.56,3.263,10.0,northern Algeria
861391,36.613,3.28,10.0,northern Algeria
862251,35.687,-0.944,10.9,northern Algeria
868805,36.921,2.443,10.0,northern Algeria
878175,35.52,-0.106,8.7,northern Algeria
878177,35.536,-0.112,10.0,northern Algeria
878179,35.532,-0.16,10.0,northern Algeria
878181,35.451,-0.097,10.0,northern Algeria
878191,35.908,-0.634,10.0,northern Algeria
878209,35.52,-0.115,10.0,northern Algeria
878246,35.477,-0.141,10.0,northern Algeria
878250,35.691,-0.606,10.0,northern Algeria
878253,35.41900000000001,-0.078,10.0,northern Algeria
878295,35.706,-0.272,10.0,northern Algeria
878451,35.759,-0.193,10.0,northern Algeria
878584,35.615,-0.184,10.0,northern Algeria
878813,35.671,-0.166,10.0,northern Algeria
878819,35.423,-0.157,10.0,northern Algeria
878907,35.637,-0.008,10.0,northern Algeria
879082,35.728,-0.242,10.0,northern Algeria
879898,36.065,4.249,10.0,northern Algeria
879912,35.58,-0.129,10.0,northern Algeria
879995,35.761,-0.274,10.0,northern Algeria
880152,35.664,-0.488,10.0,northern Algeria
883818,35.532,-0.202,10.0,northern Algeria
884569,35.648,-0.513,10.0,northern Algeria
884963,35.577,-1.002,10.0,northern Algeria
885172,35.336,-0.017,10.0,northern Algeria
885799,35.381,-0.109,15.2,northern Algeria
885941,35.64,5.7360000000000015,10.0,northern Algeria
886115,35.969,-0.6990000000000001,10.0,northern Algeria
891533,35.527,-0.29100000000000004,8.1,northern Algeria
902976,35.652,-0.66,10.0,northern Algeria
903017,36.557,6.238,10.0,northern Algeria
923709,36.882,2.454,10.0,northern Algeria
924326,35.511,-0.131,10.0,northern Algeria
924785,35.772,-1.79,5.0,northern Algeria
925956,36.045,2.926,10.0,northern Algeria
926428,36.701,1.539,10.0,northern Algeria
926630,36.38800000000001,5.77,10.0,northern Algeria
936434,36.616,5.794,10.0,northern Algeria
939371,36.575,2.43,10.0,northern Algeria
942836,35.773,0.213,10.0,northern Algeria
945580,36.019,3.927,10.0,northern Algeria
946371,35.963,5.357,10.0,northern Algeria
949321,36.863,4.394,33.0,northern Algeria
949937,36.445,1.655,10.0,northern Algeria
953127,35.493,1.527,10.0,northern Algeria
954518,35.688,-0.438,10.0,northern Algeria
956705,36.534,1.5830000000000002,10.0,northern Algeria
957805,35.32,-0.738,10.0,northern Algeria
975973,36.508,4.414,10.0,northern Algeria
984616,35.452,-0.209,10.0,northern Algeria
984654,35.454,0.17600000000000002,10.0,northern Algeria
985656,36.224,4.666,10.0,northern Algeria
986129,35.363,-0.32299999999999995,10.0,northern Algeria
986357,36.932,2.31,33.0,northern Algeria
987270,36.313,2.943,33.0,northern Algeria
990527,35.959,5.596,33.0,northern Algeria
998187,36.328,1.811,10.0,northern Algeria
1006135,36.984,2.8760000000000003,10.0,northern Algeria
1015081,36.454,1.679,10.0,northern Algeria
1026608,36.168,7.411,10.0,northern Algeria
1028741,36.48,1.592,10.0,northern Algeria
1029139,35.5,-0.865,10.0,northern Algeria
1039859,36.613,5.332999999999998,10.0,northern Algeria
1049934,35.933,5.045,33.0,northern Algeria
1051945,35.944,1.167,10.0,northern Algeria
1052877,35.875,3.803,10.0,northern Algeria
1053972,36.986,0.982,33.0,northern Algeria
1055547,36.885,1.618,10.0,northern Algeria
1057180,36.813,1.375,10.0,northern Algeria
1057866,36.671,1.606,10.0,northern Algeria
1072339,36.875,5.482,10.0,northern Algeria
1073767,36.589,1.598,10.0,northern Algeria
1079936,36.224,6.0120000000000005,33.0,northern Algeria
1081197,35.882,-0.252,10.0,northern Algeria
1082697,35.609,1.396,10.0,northern Algeria
1093176,36.201,1.645,10.0,northern Algeria
1102333,35.65,-1.31,0.0,northern Algeria
1106482,35.88,-1.65,1.3,northern Algeria
1108928,36.39,3.157,10.0,northern Algeria
1109332,35.835,3.502,10.0,northern Algeria
1110055,35.524,-0.097,10.0,northern Algeria
1118842,35.89,-1.62,0.0,northern Algeria
1123071,36.889,2.462,10.0,northern Algeria
1123168,36.215,0.8140000000000001,10.0,northern Algeria
1125546,35.684,-1.596,10.0,northern Algeria
1131647,36.626,7.296,10.0,northern Algeria
1136619,35.74,-0.841,10.0,northern Algeria
1144239,35.672,3.526,10.0,northern Algeria
1144266,35.88,-1.98,0.0,northern Algeria
1146850,35.702,5.996,10.0,northern Algeria
1146948,35.76,-0.31,15.2,northern Algeria
1152874,35.461,-0.097,10.0,northern Algeria
1153286,35.078,6.1560000000000015,10.0,northern Algeria
1154390,36.326,0.252,10.0,northern Algeria
1159723,36.832,4.459,10.0,northern Algeria
1159752,35.708,4.427,10.0,northern Algeria
1162919,35.837,-1.676,10.0,northern Algeria
1163057,35.422,0.004,10.0,northern Algeria
1163134,35.996,-0.021,10.0,northern Algeria
1166542,35.827,6.0779999999999985,10.0,northern Algeria
1168381,35.55300000000001,1.4269999999999998,10.0,northern Algeria
1168810,36.31800000000001,1.061,10.0,northern Algeria
1188576,35.916,-0.71,10.0,northern Algeria
1189371,35.659,-0.6759999999999999,10.0,northern Algeria
1190271,36.636,5.312,10.0,northern Algeria
1190286,36.614,5.457000000000002,10.0,northern Algeria
1193969,36.176,1.2009999999999998,10.0,northern Algeria
1194431,35.7,0.851,10.0,northern Algeria
1195059,36.129,1.7919999999999998,10.0,northern Algeria
1197070,35.55300000000001,1.122,10.0,northern Algeria
1198106,34.949,5.391,10.0,northern Algeria
1200976,35.84,-1.9,0.0,northern Algeria
1201477,35.796,-1.469,10.0,northern Algeria
1202627,35.89,-1.61,11.8,northern Algeria
1219605,35.321,-1.281,10.0,northern Algeria
1219608,35.445,-1.369,10.0,northern Algeria
1219609,35.293,-1.374,10.0,northern Algeria
1219891,35.271,-1.193,10.0,northern Algeria
1221369,35.656,-1.5759999999999998,0.0,northern Algeria
1221640,35.853,-1.765,0.0,northern Algeria
1224798,36.69,5.323,10.0,northern Algeria
1224819,36.44,5.403,10.0,northern Algeria
1225184,36.792,2.494,10.0,northern Algeria
1225946,35.871,-1.953,15.5,northern Algeria
1226098,35.321,-1.1740000000000002,15.8,northern Algeria
1234196,35.325,-1.403,13.9,northern Algeria
1234617,35.515,-1.471,4.8,northern Algeria
1236262,35.492,-1.416,13.0,northern Algeria
1236490,35.402,-1.592,0.0,northern Algeria
1236497,35.515,-1.526,0.0,northern Algeria
1238357,35.543,-1.3430000000000002,2.2,northern Algeria
1247360,35.68,-1.526,10.0,northern Algeria
1248313,36.765,6.9860000000000015,10.0,northern Algeria
1248427,35.809,-1.648,10.0,northern Algeria
1249903,35.76,-1.503,0.0,northern Algeria
1253992,36.022,1.372,10.0,northern Algeria
1256870,36.26,3.332,10.0,northern Algeria
1259335,35.33,-1.257,5.0,northern Algeria
1262861,36.196,4.972,10.0,northern Algeria
1262876,36.051,5.004,10.0,northern Algeria
1263100,36.136,4.968,10.0,northern Algeria
1263702,35.51300000000001,-1.5830000000000002,0.0,northern Algeria
1267354,35.39,-1.6230000000000002,0.0,northern Algeria
1274226,36.408,4.842,0.0,northern Algeria
1274833,36.587,4.817,10.0,northern Algeria
1278528,36.566,4.841,10.0,northern Algeria
1278529,36.601,4.773,10.0,northern Algeria
1278535,36.077,5.242000000000001,10.0,northern Algeria
1278545,36.618,4.725,10.0,northern Algeria
1278550,36.47,4.842,10.0,northern Algeria
1278591,36.232,5.106,10.0,northern Algeria
1278704,36.222,5.1389999999999985,10.0,northern Algeria
1278717,36.289,5.1,10.0,northern Algeria
1278724,36.355,5.07,10.0,northern Algeria
1278817,36.363,4.928,10.0,northern Algeria
1278886,36.495,4.8,10.0,northern Algeria
1279627,36.658,4.759,10.0,northern Algeria
1280892,35.644,5.848,33.0,northern Algeria
1282589,36.333,5.098,10.0,northern Algeria
1282782,36.533,4.782,10.0,northern Algeria
1282789,36.479,4.921,10.0,northern Algeria
1283129,35.98900000000001,5.29,10.0,northern Algeria
1283354,36.483,5.009,10.0,northern Algeria
1284369,36.552,4.774,10.0,northern Algeria
1285078,36.463,4.78,10.0,northern Algeria
1285103,36.3,5.145,10.0,northern Algeria
1288397,36.402,5.048,10.0,northern Algeria
1293262,36.305,5.136,10.0,northern Algeria
1293776,36.531,5.278,10.0,northern Algeria
1294937,36.348,5.007,10.0,northern Algeria
1295382,35.677,-1.394,0.0,northern Algeria
1295384,35.5,-1.45,0.0,northern Algeria
1295532,35.68,5.586,10.0,northern Algeria
1299339,36.992,2.65,10.0,northern Algeria
1303779,36.433,4.766,10.0,northern Algeria
1306990,36.744,3.39,0.0,northern Algeria
1318268,35.85,-1.4480000000000002,10.0,northern Algeria
1329958,35.706,2.3080000000000003,10.0,northern Algeria
1331194,36.384,3.28,10.0,northern Algeria
1333089,35.549,-1.383,23.9,northern Algeria
1336396,36.997,2.22,0.0,northern Algeria
1339707,36.678,5.271,10.0,northern Algeria
1344333,35.776,-1.555,0.0,northern Algeria
1347207,36.331,3.242,24.5,northern Algeria
1351319,35.917,-1.117,20.3,northern Algeria
1352815,35.085,7.47,10.0,northern Algeria
1360815,36.882,3.611,10.0,northern Algeria
1364924,36.914,4.057,10.0,northern Algeria
1368061,36.571,5.442,10.0,northern Algeria
1370128,36.794,2.113,33.0,northern Algeria
1374323,36.653,7.0760000000000005,10.0,northern Algeria
1376184,35.87,1.351,10.0,northern Algeria
1379246,35.91900000000001,-1.544,0.0,northern Algeria
1389962,36.421,2.266,10.0,northern Algeria
1391086,35.805,-0.43,10.0,northern Algeria
1391819,36.489,1.469,10.0,northern Algeria
1392181,35.91300000000001,-1.987,4.5,northern Algeria
1394172,36.661,1.84,0.0,northern Algeria
1394975,35.843,0.153,10.0,northern Algeria
1397506,35.802,-1.67,0.0,northern Algeria
1403789,36.63800000000001,1.611,10.0,northern Algeria
1405257,35.613,-0.484,0.0,northern Algeria
1405266,35.543,-1.16,0.0,northern Algeria
1410418,35.22400000000001,-0.928,10.0,northern Algeria
1410419,35.172,-0.861,10.0,northern Algeria
1411999,36.178,5.178,10.0,northern Algeria
1412375,35.588,-1.69,0.0,northern Algeria
1416468,35.118,-0.42,10.0,northern Algeria
1419324,36.629,4.78,0.0,northern Algeria
1438284,35.543,-1.08,10.0,northern Algeria
1445335,35.921,3.83,33.0,northern Algeria
1450739,36.132,2.911,10.0,northern Algeria
1454760,36.344,2.898,35.7,northern Algeria
1456101,36.815,2.214,6.5,northern Algeria
1461844,36.431,1.394,10.0,northern Algeria
1462058,36.154,3.024,10.0,northern Algeria
1467143,35.881,4.177,10.0,northern Algeria
1477222,35.591,-0.173,0.0,northern Algeria
1479843,35.87,4.1930000000000005,10.0,northern Algeria
1480101,36.85,0.923,10.0,northern Algeria
1482322,35.921,-1.083,0.0,northern Algeria
1484117,36.608,6.535,10.0,northern Algeria
1484130,36.744,6.324,10.0,northern Algeria
1484261,36.056,3.997,10.0,northern Algeria
1484837,36.667,5.0,10.0,northern Algeria
1486729,35.971,-1.0659999999999998,0.0,northern Algeria
1486875,36.489,4.857,10.0,northern Algeria
1489067,36.715,1.547,0.0,northern Algeria
1489293,35.734,-1.3130000000000002,24.4,northern Algeria
1490112,36.964,3.634,12.0,northern Algeria
1490114,36.97,3.813,10.0,northern Algeria
1490116,36.862,4.01,10.0,northern Algeria
1490118,36.999,3.676,10.0,northern Algeria
1490120,36.938,3.793,10.0,northern Algeria
1490121,36.894,3.321,10.0,northern Algeria
1490123,36.981,3.929,10.0,northern Algeria
1490124,36.953,3.894,10.0,northern Algeria
1490126,36.906,3.699,10.0,northern Algeria
1490128,36.942,3.604,10.0,northern Algeria
1490129,36.906,3.86,10.0,northern Algeria
1490133,36.635,3.4610000000000003,10.0,northern Algeria
1490135,36.84,3.775,10.0,northern Algeria
1490139,36.893,3.525,10.0,northern Algeria
1490141,36.819,3.621,10.0,northern Algeria
1490142,36.867,3.451,10.0,northern Algeria
1490143,36.908,3.805,10.0,northern Algeria
1490144,36.926,3.633,10.0,northern Algeria
1490147,36.84,4.055,10.0,northern Algeria
1490149,36.451,3.934,10.0,northern Algeria
1490154,36.987,3.909,10.0,northern Algeria
1490156,36.923,3.583,10.0,northern Algeria
1490158,36.907,3.657,10.0,northern Algeria
1490161,36.749,3.593,10.0,northern Algeria
1490163,36.526,4.069,10.0,northern Algeria
1490165,36.817,3.759,10.0,northern Algeria
1490166,36.743,3.873,10.0,northern Algeria
1490168,36.616,3.613,10.0,northern Algeria
1490172,36.74800000000001,4.235,10.0,northern Algeria
1490174,36.727,4.09,10.0,northern Algeria
1490175,36.985,3.644,10.0,northern Algeria
1490176,36.542,4.038,10.0,northern Algeria
1490177,36.827,3.614,10.0,northern Algeria
1490184,36.884,3.964,10.0,northern Algeria
1490187,36.898,3.843,10.0,northern Algeria
1490188,36.622,4.1110000000000015,10.0,northern Algeria
1490190,36.847,3.838,10.0,northern Algeria
1490193,36.801,3.814,10.0,northern Algeria
1490194,36.79,3.475,10.0,northern Algeria
1490198,36.821,3.537,10.0,northern Algeria
1490200,36.945,3.708,10.0,northern Algeria
1490201,36.971,3.3680000000000003,10.0,northern Algeria
1490204,36.953,3.926,10.0,northern Algeria
1490205,36.798,3.495,10.0,northern Algeria
1490216,36.926,3.818,10.0,northern Algeria
1490219,36.769,3.551,10.0,northern Algeria
1490220,36.811,3.702,10.0,northern Algeria
1490229,36.851,3.654,10.0,northern Algeria
1490231,36.866,3.829,10.0,northern Algeria
1490234,36.94300000000001,4.081,10.0,northern Algeria
1490235,36.952,3.66,10.0,northern Algeria
1490237,36.99800000000001,3.667,10.0,northern Algeria
1490238,36.964,3.818,10.0,northern Algeria
1490240,36.925,3.499,10.0,northern Algeria
1490245,36.959,3.758,10.0,northern Algeria
1490248,36.815,3.455,10.0,northern Algeria
1490253,36.728,3.579,10.0,northern Algeria
1490254,36.742,3.889,10.0,northern Algeria
1490256,36.88800000000001,3.76,10.0,northern Algeria
1490260,36.897,3.774,10.0,northern Algeria
1490261,36.729,3.774,10.0,northern Algeria
1490264,36.878,3.731,10.0,northern Algeria
1490265,36.846,3.668,10.0,northern Algeria
1490266,36.892,3.852,10.0,northern Algeria
1490267,36.746,3.457,10.0,northern Algeria
1490268,36.913,4.004,10.0,northern Algeria
1490273,36.794,3.56,10.0,northern Algeria
1490276,36.756,4.046,10.0,northern Algeria
1490277,36.87,3.549,10.0,northern Algeria
1490279,36.861,3.4610000000000003,10.0,northern Algeria
1490280,36.879,3.628,10.0,northern Algeria
1490282,36.94,3.524,10.0,northern Algeria
1490283,36.87300000000001,3.881,10.0,northern Algeria
1490286,36.76300000000001,3.444,10.0,northern Algeria
1490289,36.649,3.71,10.0,northern Algeria
1490292,36.826,3.732,10.0,northern Algeria
1490293,36.828,3.618,10.0,northern Algeria
1490294,36.907,3.743,10.0,northern Algeria
1490298,36.776,3.452,0.0,northern Algeria
1490301,36.949,3.872,10.0,northern Algeria
1490316,36.989,3.687,10.0,northern Algeria
1490319,36.921,4.114,10.0,northern Algeria
1490327,36.79,3.802,10.0,northern Algeria
1490329,36.752,3.669,10.0,northern Algeria
1490332,36.878,3.981,10.0,northern Algeria
1490342,36.914,3.717,10.0,northern Algeria
1490347,36.978,4.058,10.0,northern Algeria
1490351,36.742,3.848,10.0,northern Algeria
1490357,36.746,4.112,10.0,northern Algeria
1490362,36.961,3.744,10.0,northern Algeria
1490372,36.824,4.051,10.0,northern Algeria
1490375,36.921,3.78,10.0,northern Algeria
1490376,36.925,4.137,10.0,northern Algeria
1490387,36.909,3.931,10.0,northern Algeria
1490391,36.953,4.118,10.0,northern Algeria
1490393,36.968,3.787,10.0,northern Algeria
1490402,36.902,4.026,10.0,northern Algeria
1490403,36.911,3.835,10.0,northern Algeria
1490406,36.932,3.935,10.0,northern Algeria
1490410,36.877,3.68,10.0,northern Algeria
1490418,36.984,3.955,10.0,northern Algeria
1490431,36.892,3.83,10.0,northern Algeria
1490433,36.903,3.718,10.0,northern Algeria
1490444,36.987,3.762,10.0,northern Algeria
1490470,36.905,3.752,10.0,northern Algeria
1490475,36.965,3.999,10.0,northern Algeria
1490493,36.828,3.322,10.0,northern Algeria
1490495,36.86,4.002,10.0,northern Algeria
1490538,36.849,3.646,10.0,northern Algeria
1490546,36.91,3.796,10.0,northern Algeria
1490549,36.941,3.746,10.0,northern Algeria
1490563,36.937,4.0939999999999985,10.0,northern Algeria
1490568,36.927,3.858,10.0,northern Algeria
1490570,36.866,3.924,10.0,northern Algeria
1490576,36.906,3.965,10.0,northern Algeria
1490585,36.862,3.954,10.0,northern Algeria
1490595,36.881,3.899,10.0,northern Algeria
1490604,36.841,3.802,10.0,northern Algeria
1490607,36.962,4.135,10.0,northern Algeria
1490616,36.729,3.613,10.0,northern Algeria
1490620,36.86,3.822,10.0,northern Algeria
1490627,36.77,3.672,10.0,northern Algeria
1490629,36.767,3.786,10.0,northern Algeria
1490636,36.972,3.811,10.0,northern Algeria
1490647,36.967,3.773,10.0,northern Algeria
1490656,36.942,4.0310000000000015,10.0,northern Algeria
1490658,36.919,3.952,10.0,northern Algeria
1490662,36.972,3.761,10.0,northern Algeria
1490669,36.778,3.708,10.0,northern Algeria
1490670,36.857,3.876,10.0,northern Algeria
1490674,36.694,3.992,10.0,northern Algeria
1490681,36.882,3.971,10.0,northern Algeria
1490695,36.626,3.6010000000000004,10.0,northern Algeria
1490726,36.707,3.567,10.0,northern Algeria
1490733,36.834,3.702,10.0,northern Algeria
1490736,36.929,4.113,10.0,northern Algeria
1490757,36.839,3.525,10.0,northern Algeria
1490768,36.87300000000001,3.975,10.0,northern Algeria
1490789,36.784,3.625,10.0,northern Algeria
1490794,36.908,3.643,10.0,northern Algeria
1490819,36.847,3.637,10.0,northern Algeria
1490853,36.467,3.661,10.0,northern Algeria
1490857,36.896,3.805,10.0,northern Algeria
1490880,36.707,3.938,10.0,northern Algeria
1490890,36.715,3.602,10.0,northern Algeria
1490892,36.881,3.817,10.0,northern Algeria
1490932,36.828,3.927,10.0,northern Algeria
1490957,36.804,4.059,10.0,northern Algeria
1490960,36.699,3.917,10.0,northern Algeria
1491011,36.789,3.85,10.0,northern Algeria
1491043,36.789,4.069,10.0,northern Algeria
1491095,36.29,4.043,10.0,northern Algeria
1491141,36.778,3.343,10.0,northern Algeria
1491143,36.705,3.627,10.0,northern Algeria
1491191,36.907,3.684,10.0,northern Algeria
1491198,36.72,3.633,10.0,northern Algeria
1491212,36.901,3.933,10.0,northern Algeria
1491215,36.875,3.992,10.0,northern Algeria
1491220,36.969,3.818,10.0,northern Algeria
1491250,36.969,3.755,10.0,northern Algeria
1491287,36.844,3.489,10.0,northern Algeria
1491290,36.801,3.648,10.0,northern Algeria
1491407,36.885,3.719,10.0,northern Algeria
1491435,36.826,3.949,10.0,northern Algeria
1491475,36.784,3.6010000000000004,10.0,northern Algeria
1491511,36.947,3.478,10.0,northern Algeria
1491514,36.695,4.105,10.0,northern Algeria
1491534,36.512,3.791,10.0,northern Algeria
1491540,36.994,3.502,10.0,northern Algeria
1491571,36.931,3.683,10.0,northern Algeria
1491609,36.969,3.761,10.0,northern Algeria
1491635,36.923,3.647,10.0,northern Algeria
1491673,36.841,3.935,10.0,northern Algeria
1491733,36.962,3.606,10.0,northern Algeria
1491772,36.872,3.515,10.0,northern Algeria
1491775,36.617,3.713,10.0,northern Algeria
1491785,36.903,3.4530000000000003,10.0,northern Algeria
1491794,36.659,3.755,10.0,northern Algeria
1491861,36.908,3.758,10.0,northern Algeria
1491863,36.912,3.569,10.0,northern Algeria
1491875,36.916,3.759,10.0,northern Algeria
1491886,36.832,3.671,10.0,northern Algeria
1491894,36.851,3.913,10.0,northern Algeria
1491965,36.862,3.695,10.0,northern Algeria
1492056,36.939,3.5780000000000003,8.0,northern Algeria
1492060,36.894,3.739,10.0,northern Algeria
1492061,36.752,3.712,10.0,northern Algeria
1492064,36.92,3.638,10.0,northern Algeria
1492065,36.991,3.78,10.0,northern Algeria
1492066,36.854,4.067,10.0,northern Algeria
1492070,36.784,3.837,10.0,northern Algeria
1492072,36.767,3.789,10.0,northern Algeria
1492080,36.952,3.805,10.0,northern Algeria
1492083,36.826,3.765,10.0,northern Algeria
1492091,36.865,3.773,10.0,northern Algeria
1492100,36.719,3.661,10.0,northern Algeria
1492106,36.62300000000001,3.814,10.0,northern Algeria
1492124,36.725,3.716,10.0,northern Algeria
1492129,36.749,3.737,10.0,northern Algeria
1492130,36.933,3.722,10.0,northern Algeria
1492132,36.937,3.85,10.0,northern Algeria
1492143,36.877,3.713,10.0,northern Algeria
1492175,36.928,3.801,10.0,northern Algeria
1492176,36.87,3.763,10.0,northern Algeria
1492198,36.738,3.656,10.0,northern Algeria
1492231,36.877,3.274,10.0,northern Algeria
1492281,36.97,3.592,10.0,northern Algeria
1492322,36.774,3.733,10.0,northern Algeria
1492357,36.881,3.839,10.0,northern Algeria
1492385,36.745,3.714,10.0,northern Algeria
1492439,36.85,3.683,10.0,northern Algeria
1492440,36.95,3.723,10.0,northern Algeria
1492444,36.817,3.36,10.0,northern Algeria
1492448,36.51,3.519,10.0,northern Algeria
1492449,36.698,3.361,10.0,northern Algeria
1492456,36.843,3.364,10.0,northern Algeria
1492488,36.677,3.574,10.0,northern Algeria
1492522,36.955,3.675,10.0,northern Algeria
1492529,36.863,3.902,10.0,northern Algeria
1492629,36.773,3.808,10.0,northern Algeria
1492691,36.665,3.83,10.0,northern Algeria
1492703,36.932,3.624,10.0,northern Algeria
1492718,36.908,4.2010000000000005,10.0,northern Algeria
1492721,36.852,3.5860000000000003,10.0,northern Algeria
1492772,36.821,3.157,10.0,northern Algeria
1492794,36.874,3.872,10.0,northern Algeria
1492820,36.856,3.744,10.0,northern Algeria
1492905,36.789,3.645,10.0,northern Algeria
1492917,36.847,3.5780000000000003,10.0,northern Algeria
1492921,36.893,3.905,10.0,northern Algeria
1492957,36.709,3.649,10.0,northern Algeria
1492962,36.9,4.172,10.0,northern Algeria
1492965,36.777,3.83,10.0,northern Algeria
1492973,36.788,3.722,10.0,northern Algeria
1492980,36.907,3.729,10.0,northern Algeria
1493028,36.919,3.759,10.0,northern Algeria
1493038,36.747,3.614,10.0,northern Algeria
1493057,36.87300000000001,3.624,10.0,northern Algeria
1493061,36.851,3.756,10.0,northern Algeria
1493089,36.93,3.95,10.0,northern Algeria
1493112,36.965,3.803,10.0,northern Algeria
1493123,36.855,3.678,10.0,northern Algeria
1493125,36.802,3.655,10.0,northern Algeria
1493142,36.905,4.215,10.0,northern Algeria
1493145,36.732,4.319,10.0,northern Algeria
1493149,36.767,3.35,10.0,northern Algeria
1493152,36.842,4.186,10.0,northern Algeria
1493195,36.969,4.006,10.0,northern Algeria
1493206,36.891,3.347,10.0,northern Algeria
1493211,36.809,4.087,10.0,northern Algeria
1493229,36.628,3.681,10.0,northern Algeria
1493247,36.779,3.427,10.0,northern Algeria
1493265,36.86,4.0280000000000005,10.0,northern Algeria
1493271,36.982,4.163,10.0,northern Algeria
1493323,36.984,3.661,10.0,northern Algeria
1493400,36.801,3.514,10.0,northern Algeria
1493419,36.598,3.728,10.0,northern Algeria
1493429,36.762,3.61,10.0,northern Algeria
1493477,36.731,3.989,10.0,northern Algeria
1493482,36.772,3.813,10.0,northern Algeria
1493543,36.819,3.468,10.0,northern Algeria
1493664,36.686,3.836,10.0,northern Algeria
1493709,36.82,4.039,10.0,northern Algeria
1493717,36.841,3.46,10.0,northern Algeria
1493725,36.795,3.934,10.0,northern Algeria
1493926,36.716,3.932,10.0,northern Algeria
1493998,36.89,4.123,10.0,northern Algeria
1494108,36.587,3.477,10.0,northern Algeria
1494223,36.823,4.1789999999999985,10.0,northern Algeria
1494515,36.659,3.51,10.0,northern Algeria
1494527,36.91,3.755,10.0,northern Algeria
1494532,36.923,4.18,10.0,northern Algeria
1494720,36.893,3.75,10.0,northern Algeria
1494746,36.924,4.021,10.0,northern Algeria
1494862,36.933,3.494,10.0,northern Algeria
1495033,36.347,5.6179999999999986,10.0,northern Algeria
1495035,36.86,3.921,10.0,northern Algeria
1495099,36.821,4.224,10.0,northern Algeria
1495143,36.733,3.702,10.0,northern Algeria
1495250,36.794,3.625,10.0,northern Algeria
1495253,36.753,3.957,10.0,northern Algeria
1495258,36.792,3.842,10.0,northern Algeria
1495305,36.808,3.728,10.0,northern Algeria
1495486,36.936,3.235,10.0,northern Algeria
1495520,36.839,4.24,10.0,northern Algeria
1495797,36.782,4.038,10.0,northern Algeria
1496025,36.986,3.779,10.0,northern Algeria
1496079,36.591,3.508,10.0,northern Algeria
1496081,36.871,3.4360000000000004,10.0,northern Algeria
1496100,36.734,3.46,10.0,northern Algeria
1496735,36.969,3.373,10.0,northern Algeria
1496827,36.742,3.437,10.0,northern Algeria
1496940,36.713,3.442,10.0,northern Algeria
1497260,36.684,3.46,10.0,northern Algeria
1497282,36.977,3.349,10.0,northern Algeria
1497375,36.977,4.045,10.0,northern Algeria
1497762,36.84,4.087,10.0,northern Algeria
1497793,36.727,3.881,10.0,northern Algeria
1497958,36.919,3.55,10.0,northern Algeria
1498519,36.705,3.753,10.0,northern Algeria
1498775,36.832,3.594,10.0,northern Algeria
1498856,36.793,4.047,10.0,northern Algeria
1498945,36.893,3.716,10.0,northern Algeria
1499085,36.879,3.914,10.0,northern Algeria
1499922,36.971,3.262,10.0,northern Algeria
1499936,36.969,4.009,10.0,northern Algeria
1500072,36.655,3.544,10.0,northern Algeria
1500539,36.659,3.535,10.0,northern Algeria
1500672,36.933,3.57,10.0,northern Algeria
1500792,36.158,0.423,10.0,northern Algeria
1500937,36.93,3.993,10.0,northern Algeria
1501139,35.494,0.295,10.0,northern Algeria
1501314,36.849,3.365,10.0,northern Algeria
1502006,36.913,3.651,10.0,northern Algeria
1502009,36.999,3.694,10.0,northern Algeria
1502354,36.871,3.904,10.0,northern Algeria
1502356,36.793,3.996,10.0,northern Algeria
1502415,36.834,4.09,10.0,northern Algeria
1502419,36.807,3.653,10.0,northern Algeria
1502612,36.767,3.5010000000000003,10.0,northern Algeria
1502626,36.909,4.0310000000000015,10.0,northern Algeria
1502677,36.858,3.524,10.0,northern Algeria
1502711,36.62300000000001,3.714,10.0,northern Algeria
1503607,36.747,3.74,10.0,northern Algeria
1503623,36.835,3.714,10.0,northern Algeria
1504698,36.746,3.529,10.0,northern Algeria
1505216,35.601,-0.121,0.0,northern Algeria
1505403,36.524,3.5380000000000003,10.0,northern Algeria
1506236,36.924,3.525,10.0,northern Algeria
1507042,36.835,3.738,10.0,northern Algeria
1507388,36.851,3.732,10.0,northern Algeria
1507763,36.026,4.537,10.0,northern Algeria
1507782,36.46,1.73,10.0,northern Algeria
1508909,35.935,1.887,10.0,northern Algeria
1509068,36.545,3.617,10.0,northern Algeria
1509079,36.485,3.728,10.0,northern Algeria
1509151,36.981,3.753,10.0,northern Algeria
1509166,36.837,3.3110000000000004,10.0,northern Algeria
1509974,36.994,3.889,10.0,northern Algeria
1510007,36.918,3.901,10.0,northern Algeria
1510118,36.928,3.945,10.0,northern Algeria
1510840,36.883,3.656,10.0,northern Algeria
1511236,36.672,3.56,10.0,northern Algeria
1512110,36.582,4.718,10.0,northern Algeria
1512116,36.777,3.669,10.0,northern Algeria
1512171,36.799,3.675,10.0,northern Algeria
1512191,35.507,1.561,10.0,northern Algeria
1512367,36.894,3.383,10.0,northern Algeria
1512572,36.954,3.661,10.0,northern Algeria
1515293,35.847,-0.332,10.0,northern Algeria
1516353,36.881,3.874,10.0,northern Algeria
1516663,36.129,1.821,10.0,northern Algeria
1517105,36.919,3.879,10.0,northern Algeria
1517213,36.817,3.703,10.0,northern Algeria
1517240,36.807,3.753,10.0,northern Algeria
1518381,36.69300000000001,3.604,10.0,northern Algeria
1520343,36.679,3.796,10.0,northern Algeria
1520610,36.699,3.826,10.0,northern Algeria
1521470,36.787,7.241,10.0,northern Algeria
1522346,36.855,3.714,10.0,northern Algeria
1524270,36.948,3.695,10.0,northern Algeria
1525235,36.736,3.633,10.0,northern Algeria
1526396,36.74800000000001,3.584,10.0,northern Algeria
1527242,36.802,4.109,10.0,northern Algeria
1527429,36.991,3.208,10.0,northern Algeria
1527505,36.99800000000001,3.484,10.0,northern Algeria
1527615,36.499,3.707,10.0,northern Algeria
1527722,36.857,3.73,10.0,northern Algeria
1527873,36.856,3.728,10.0,northern Algeria
1527948,36.731,3.587,10.0,northern Algeria
1528416,36.45,3.63,10.0,northern Algeria
1528909,36.044,0.27,10.0,northern Algeria
1529239,36.764,3.398,10.0,northern Algeria
1529921,35.436,-0.94,10.0,northern Algeria
1529927,35.48,-0.922,10.0,northern Algeria
1530414,35.22400000000001,-1.873,17.4,northern Algeria
1534237,36.858,3.672,10.0,northern Algeria
1534436,36.954,3.403,10.0,northern Algeria
1534513,36.92,3.277,10.0,northern Algeria
1535009,36.74,3.5380000000000003,10.0,northern Algeria
1535066,36.816,3.668,10.0,northern Algeria
1536439,36.582,2.75,10.0,northern Algeria
1538240,36.784,3.836,10.0,northern Algeria
1538367,36.81800000000001,3.944,10.0,northern Algeria
1538621,36.241,2.21,10.0,northern Algeria
1541554,36.213,4.85,10.0,northern Algeria
1543162,36.219,3.099,10.0,northern Algeria
1543230,36.672,4.166,10.0,northern Algeria
1543461,36.975,3.72,10.0,northern Algeria
1543563,36.981,3.75,10.0,northern Algeria
1545789,35.718,2.224,10.0,northern Algeria
1550958,36.34,1.659,10.0,northern Algeria
1552513,35.671,-1.346,14.1,northern Algeria
1553169,36.169,0.995,10.0,northern Algeria
1553750,36.852,3.418,10.0,northern Algeria
1553761,36.985,3.4730000000000003,10.0,northern Algeria
1553923,36.89,3.593,10.0,northern Algeria
1554002,35.56800000000001,-1.354,0.0,northern Algeria
1554214,36.966,3.233,20.0,northern Algeria
1556445,36.863,3.849,10.0,northern Algeria
1558244,36.971,1.121,0.0,northern Algeria
1558494,36.767,3.5860000000000003,10.0,northern Algeria
1559340,36.91,4.0310000000000015,10.0,northern Algeria
1559607,36.507,3.834,10.0,northern Algeria
1559938,36.858,3.623,10.0,northern Algeria
1561068,35.313,-0.032,10.0,northern Algeria
1562895,35.172,5.0710000000000015,10.0,northern Algeria
1564065,36.845,3.749,10.0,northern Algeria
1566020,36.833,3.686,10.0,northern Algeria
1566160,35.39,-1.964,0.0,northern Algeria
1569977,35.905,-1.398,0.0,northern Algeria
1571413,36.921,1.167,0.0,northern Algeria
1571967,36.407,3.374,10.0,northern Algeria
1580114,36.492,7.641,10.0,northern Algeria
1580227,35.455,0.6729999999999999,0.0,northern Algeria
1580738,35.567,0.36,10.0,northern Algeria
1582182,36.597,6.279,10.0,northern Algeria
1583124,36.48,7.234,10.0,northern Algeria
1586705,35.507,0.413,10.0,northern Algeria
1590179,35.61,0.421,0.0,northern Algeria
1590656,35.771,5.977,10.0,northern Algeria
1593981,36.22,6.506,10.0,northern Algeria
1596760,36.408,7.122000000000001,10.0,northern Algeria
1597677,36.117,0.941,0.0,northern Algeria
1597993,34.092,2.213,10.0,northern Algeria
1601592,36.124,2.795,10.0,northern Algeria
1601968,36.804,3.268,10.0,northern Algeria
1602682,36.741,3.319,10.0,northern Algeria
1603430,35.221,-0.984,10.0,northern Algeria
1604541,36.505,4.475,10.0,northern Algeria
1604709,36.634,1.579,0.0,northern Algeria
1605266,36.458,3.5410000000000004,10.0,northern Algeria
1606009,36.938,4.12,10.0,northern Algeria
1609290,36.197,3.869,10.0,northern Algeria
1609408,36.655,3.663,0.0,northern Algeria
1610294,36.086,1.37,0.0,northern Algeria
1619396,35.672,2.172,10.0,northern Algeria
1622868,36.616,3.055,10.0,northern Algeria
1625806,36.677,3.109,0.0,northern Algeria
1626602,36.67,2.363,0.0,northern Algeria
1627594,36.635,3.168,0.0,northern Algeria
1631449,36.729,3.145,0.0,northern Algeria
1645897,36.26,3.844,0.0,northern Algeria
1651581,36.88,3.935,10.0,northern Algeria
1655763,35.559,-0.5429999999999999,0.0,northern Algeria
1656264,36.23,3.09,10.0,northern Algeria
1657556,36.848,3.448,10.0,northern Algeria
1658812,36.865,3.4210000000000003,10.0,northern Algeria
1661310,36.691,3.178,0.0,northern Algeria
1661711,36.711,4.211,10.0,northern Algeria
1663782,36.95,2.963,0.0,northern Algeria
1666613,35.728,0.51,10.0,northern Algeria
1670737,36.398,1.508,0.0,northern Algeria
1681392,36.786,2.476,0.0,northern Algeria
1685762,36.551,4.796,0.0,northern Algeria
1688007,35.22,5.615,10.0,northern Algeria
1688430,35.802,-0.23,0.0,northern Algeria
1689398,36.724,2.402,0.0,northern Algeria
1689835,36.984,3.531,0.0,northern Algeria
1690811,35.86400000000001,-0.563,25.0,northern Algeria
1691278,36.7,5.21,6.6,northern Algeria
1694540,36.716,3.149,0.0,northern Algeria
1695107,36.607,2.887,7.2,northern Algeria
1695764,35.771,-1.331,0.0,northern Algeria
1696899,35.582,-0.14800000000000002,23.3,northern Algeria
1700678,35.649,-0.254,0.0,northern Algeria
1701862,35.626,-0.297,6.0,northern Algeria
1702847,36.769,3.3960000000000004,10.0,northern Algeria
1705103,36.486,3.1060000000000003,10.0,northern Algeria
1706182,36.662,4.537,10.0,northern Algeria
1707521,36.944,3.516,10.0,northern Algeria
1708765,36.866,3.633,10.0,northern Algeria
1708864,36.907,4.291,10.0,northern Algeria
1709054,36.212,6.69,10.0,northern Algeria
1709202,36.195,1.661,0.0,northern Algeria
1710636,36.49,6.211,10.0,northern Algeria
1711208,36.166,6.34,10.0,northern Algeria
1711487,35.379,-1.181,19.0,northern Algeria
1712648,36.794,3.407,10.0,northern Algeria
1712715,35.968,5.515,10.0,northern Algeria
1714163,36.518,6.165,10.0,northern Algeria
1715350,36.819,3.429,10.0,northern Algeria
1715389,36.524,5.5,10.0,northern Algeria
1717308,36.636,5.062,10.0,northern Algeria
1718071,35.705,-1.411,10.0,northern Algeria
1718532,36.811,3.509,10.0,northern Algeria
1720472,36.481,5.294,10.0,northern Algeria
1720538,36.421,5.532,10.0,northern Algeria
1721754,36.582,1.525,10.0,northern Algeria
1722769,36.535,5.394,10.0,northern Algeria
1723176,35.635,1.137,14.1,northern Algeria
1723879,36.503,1.6780000000000002,10.0,northern Algeria
1725203,36.831,3.447,10.0,northern Algeria
1726213,36.958,3.788,10.0,northern Algeria
1726710,35.397,-0.89,0.0,northern Algeria
1726712,35.666,-0.997,0.0,northern Algeria
1726756,35.714,-0.7170000000000001,0.0,northern Algeria
1729079,36.008,1.101,0.0,northern Algeria
1730637,35.68199999999999,-1.085,23.4,northern Algeria
1730819,36.867,0.667,10.0,northern Algeria
1730820,36.878,0.6990000000000001,10.0,northern Algeria
1730925,36.854,2.108,0.0,northern Algeria
1731521,35.37,-1.431,0.0,northern Algeria
1731932,35.406,5.767,0.0,northern Algeria
1733910,35.552,0.166,16.5,northern Algeria
1733928,35.66,0.235,14.8,northern Algeria
1733932,35.714,0.127,5.9,northern Algeria
1734758,36.233,3.037,15.0,northern Algeria
1736410,35.746,-1.095,0.0,northern Algeria
1736873,36.328,1.727,10.0,northern Algeria
1739161,35.382,0.313,10.0,northern Algeria
1739344,35.181,-0.004,10.0,northern Algeria
1744952,36.872,3.623,5.0,northern Algeria
1745553,36.549,2.623,0.0,northern Algeria
1745603,36.598,5.277,10.0,northern Algeria
1749301,36.251,0.398,0.0,northern Algeria
1750494,35.979,-0.397,0.0,northern Algeria
1751730,36.531,6.101,10.0,northern Algeria
1755163,35.964,6.478,0.0,northern Algeria
1759823,36.38,1.832,10.0,northern Algeria
1760297,36.585,2.124,24.5,northern Algeria
1760835,36.198,6.699,10.0,northern Algeria
1761023,36.199,6.6629999999999985,10.0,northern Algeria
1761775,36.44,2.497,10.0,northern Algeria
1761864,35.894,2.239,0.0,northern Algeria
1762213,36.226,6.649,10.0,northern Algeria
1764020,36.232,2.309,25.8,northern Algeria
1765033,36.841,3.649,10.0,northern Algeria
1765408,36.025,1.916,10.0,northern Algeria
1765419,36.525,5.2970000000000015,20.0,northern Algeria
1765724,34.919000000000004,6.8020000000000005,10.0,northern Algeria
1766020,36.608,4.285,10.0,northern Algeria
1766117,36.604,4.302,10.0,northern Algeria
1766216,36.777,3.03,5.0,northern Algeria
1766350,36.572,4.3180000000000005,10.0,northern Algeria
1766400,36.99800000000001,3.853,10.0,northern Algeria
1769634,35.73900000000001,-0.918,0.0,northern Algeria
1769695,36.791,4.2330000000000005,10.0,northern Algeria
1771033,36.589,3.158,0.0,northern Algeria
1771725,36.789,3.402,0.0,northern Algeria
1772229,36.668,3.11,0.0,northern Algeria
1772403,36.313,6.2879999999999985,10.0,northern Algeria
1775370,36.833,4.224,2.6,northern Algeria
1776244,36.704,7.015,0.0,northern Algeria
1778545,35.51300000000001,-0.628,0.0,northern Algeria
1778902,36.564,4.017,10.0,northern Algeria
1779433,36.555,5.497000000000001,10.0,northern Algeria
1780225,36.793,3.455,10.0,northern Algeria
1780867,36.593,6.194,10.0,northern Algeria
1780991,35.805,5.221,10.0,northern Algeria
1780992,36.992,3.611,0.0,northern Algeria
1784398,36.956,3.38,0.0,northern Algeria
1785049,36.791,3.479,0.0,northern Algeria
1793881,36.62300000000001,5.3279999999999985,10.0,northern Algeria
1793885,36.752,5.51,10.0,northern Algeria
1794216,36.93,5.377000000000002,0.0,northern Algeria
1794304,36.928,5.3889999999999985,0.0,northern Algeria
1795527,36.687,5.28,0.0,northern Algeria
1795601,36.569,5.566,10.0,northern Algeria
1796452,36.967,3.293,0.0,northern Algeria
1796769,36.855,5.516,0.0,northern Algeria
1797138,34.893,3.807,10.0,northern Algeria
1799986,36.508,4.6160000000000005,0.0,northern Algeria
1802997,36.895,5.276,0.0,northern Algeria
1803013,36.792,5.396,0.0,northern Algeria
1804183,36.44,6.44,2.0,northern Algeria
1805808,36.384,3.395,0.0,northern Algeria
1805929,36.717,2.469,0.0,northern Algeria
1806335,35.07,3.856,0.0,northern Algeria
1806414,36.477,1.591,0.0,northern Algeria
1807288,36.562,1.6880000000000002,0.0,northern Algeria
1810483,36.741,5.405,0.0,northern Algeria
1813079,36.726,5.533,10.0,northern Algeria
1816405,36.174,1.714,10.0,northern Algeria
1817020,36.625,2.574,0.0,northern Algeria
1821206,36.369,1.091,0.0,northern Algeria
1822505,36.706,2.41,7.9,northern Algeria
1823683,35.91900000000001,5.581,0.0,northern Algeria
1823843,36.699,3.945,0.0,northern Algeria
1825169,36.91,4.487,0.0,northern Algeria
1829015,33.792,7.803,0.0,northern Algeria
1830802,36.526,5.7120000000000015,10.0,northern Algeria
1831821,36.717,3.11,10.0,northern Algeria
1832026,36.385,1.737,16.0,northern Algeria
1832217,35.833,0.615,22.3,northern Algeria
1832246,35.55,0.741,10.0,northern Algeria
1832253,35.753,0.64,10.0,northern Algeria
1832535,36.448,1.815,0.0,northern Algeria
1835805,34.843,3.799,10.0,northern Algeria
1837997,35.504,-1.3219999999999998,0.0,northern Algeria
1838617,36.899,2.834,4.3,northern Algeria
1840664,36.667,5.432,10.0,northern Algeria
1841138,36.839,5.367000000000001,0.0,northern Algeria
1841237,36.884,5.2,0.0,northern Algeria
1841865,34.878,3.766,10.0,northern Algeria
1849152,36.882,5.2860000000000005,0.0,northern Algeria
1852041,36.843,4.319,10.0,northern Algeria
1855756,35.67,1.2819999999999998,10.0,northern Algeria
1858079,35.304,1.636,10.0,northern Algeria
1864908,36.769,4.607,0.0,northern Algeria
1868796,35.277,-1.37,25.0,northern Algeria
1869975,36.672,3.024,0.0,northern Algeria
1870201,36.642,1.398,0.0,northern Algeria
1870732,36.374,1.032,17.4,northern Algeria
1871411,36.947,2.199,0.0,northern Algeria
1873614,34.744,3.334,10.0,northern Algeria
1873792,36.3,1.641,30.5,northern Algeria
1874007,35.172,3.2880000000000003,0.0,northern Algeria
1874673,35.76,-1.103,0.0,northern Algeria
1875433,35.35,3.304,10.0,northern Algeria
1875521,36.58,5.409,10.0,northern Algeria
1876022,36.706,3.048,0.0,northern Algeria
1876792,36.648,2.647,0.0,northern Algeria
1878087,36.336,2.503,10.0,northern Algeria
1878741,36.076,2.474,0.0,northern Algeria
1883566,36.642,3.128,0.0,northern Algeria
1883834,36.362,5.017,10.0,northern Algeria
1883926,35.783,0.556,0.0,northern Algeria
1884446,36.584,1.57,0.0,northern Algeria
1884688,35.636,1.371,10.0,northern Algeria
1885297,36.632,2.492,0.0,northern Algeria
1885572,36.938,2.112,0.0,northern Algeria
1886927,35.836,-1.713,0.0,northern Algeria
1894254,35.797,0.35100000000000003,0.0,northern Algeria
1897111,36.053,1.226,0.0,northern Algeria
1899981,36.634,1.577,0.0,northern Algeria
1903874,36.311,1.545,0.0,northern Algeria
1905131,36.12300000000001,2.61,3.5,northern Algeria
1906084,36.153,2.7230000000000003,0.0,northern Algeria
1906422,36.222,2.5780000000000003,0.0,northern Algeria
1906876,36.382,1.712,17.0,northern Algeria
1907170,36.162,2.877,0.0,northern Algeria
1908233,35.461,5.771,0.0,northern Algeria
1909938,36.155,2.597,0.0,northern Algeria
1911352,36.587,4.767,10.0,northern Algeria
1911888,36.317,4.043,0.0,northern Algeria
1912739,35.79400000000001,4.238,0.0,northern Algeria
1912756,35.684,0.342,0.0,northern Algeria
1913229,36.603,3.91,10.0,northern Algeria
1916389,35.704,-0.8690000000000001,10.0,northern Algeria
1917462,36.564,5.393,29.1,northern Algeria
1920272,35.492,-1.265,0.0,northern Algeria
1920718,34.091,7.042999999999998,10.0,northern Algeria
1922664,36.55,1.461,0.0,northern Algeria
1922970,35.398,-0.108,11.0,northern Algeria
1925569,36.306,1.646,0.0,northern Algeria
1926612,34.912,5.657,6.3,northern Algeria
1926843,35.23,6.908,10.0,northern Algeria
1927930,36.316,1.393,0.0,northern Algeria
1928500,35.922,0.063,10.0,northern Algeria
1932286,36.073,2.685,10.0,northern Algeria
1932363,36.26300000000001,2.6060000000000003,0.0,northern Algeria
1932599,36.034,2.623,12.3,northern Algeria
1932617,36.602,2.44,0.0,northern Algeria
1932659,36.116,2.654,0.0,northern Algeria
1933509,36.284,2.593,0.0,northern Algeria
1933775,35.87699999999999,2.81,10.0,northern Algeria
1934004,36.044,2.707,0.0,northern Algeria
1935926,36.065,2.696,7.8,northern Algeria
1937073,36.695,1.399,25.8,northern Algeria
1937526,36.188,1.347,0.0,northern Algeria
1938937,36.529,5.4060000000000015,15.0,northern Algeria
1942581,36.473,1.568,10.0,northern Algeria
1943016,36.655,4.577,0.0,northern Algeria
1946497,35.721,2.146,10.0,northern Algeria
1947200,35.875,-0.77,0.0,northern Algeria
1949458,36.782,5.555,0.0,northern Algeria
1950718,36.054,2.196,20.0,northern Algeria
1952284,35.25,6.437,0.0,northern Algeria
1953403,36.211,1.665,10.0,northern Algeria
1953417,36.349,1.653,0.0,northern Algeria
1955523,36.176,1.268,0.0,northern Algeria
1956290,35.628,-1.4780000000000002,0.0,northern Algeria
1957265,36.721,5.481,10.0,northern Algeria
1959575,36.711,6.3039999999999985,0.0,northern Algeria
1959932,36.439,1.529,0.0,northern Algeria
1962250,35.622,-0.502,0.0,northern Algeria
1964147,36.37300000000001,1.804,16.3,northern Algeria
1965708,35.719,2.0580000000000003,10.0,northern Algeria
1966280,35.414,-0.111,0.0,northern Algeria
1967503,36.706,3.178,0.0,northern Algeria
1968611,35.575,1.39,10.0,northern Algeria
1968807,35.616,-0.57,10.0,northern Algeria
1968838,35.576,-0.524,0.0,northern Algeria
1968839,35.341,-0.341,27.9,northern Algeria
1968897,35.711,-0.595,0.0,northern Algeria
1969398,35.927,4.258,10.0,northern Algeria
1970441,36.692,5.287000000000001,0.0,northern Algeria
1971642,35.691,1.3259999999999998,10.0,northern Algeria
1972212,35.833,2.307,0.0,northern Algeria
1974516,36.825,3.4730000000000003,10.0,northern Algeria
1974943,36.893,3.66,10.0,northern Algeria
1975385,36.772,1.024,0.0,northern Algeria
1976548,35.969,2.217,0.0,northern Algeria
1978230,36.257,1.5830000000000002,0.0,northern Algeria
1979168,36.863,2.274,0.0,northern Algeria
1979188,36.639,2.289,10.0,northern Algeria
1979627,35.889,-1.954,0.0,northern Algeria
1980207,35.52,0.575,0.0,northern Algeria
1985307,36.551,1.579,0.0,northern Algeria
1985668,35.819,0.312,2.0,northern Algeria
1988483,36.333,5.141,0.0,northern Algeria
1989693,36.91,3.488,9.8,northern Algeria
1989853,36.591,1.664,0.0,northern Algeria
1990494,36.468,3.17,0.0,northern Algeria
1993927,36.946,2.352,0.0,northern Algeria
1997426,36.522,1.702,0.0,northern Algeria
2001514,35.797,0.57,0.0,northern Algeria
2007498,35.904,-0.071,0.0,northern Algeria
2018598,36.5,0.956,28.6,northern Algeria
2019209,36.392,1.023,31.6,northern Algeria
2022823,35.51300000000001,4.692,0.0,northern Algeria
2023552,34.828,3.419,0.0,northern Algeria
2024660,36.565,7.141,10.0,northern Algeria
2025035,35.969,-0.976,0.0,northern Algeria
2025406,35.749,4.782,0.0,northern Algeria
2026251,36.669,4.824,0.0,northern Algeria
2026578,35.436,-0.887,0.0,northern Algeria
2028778,36.777,4.569,0.0,northern Algeria
2029461,36.452,6.535,0.7,northern Algeria
2029513,36.31800000000001,7.302,10.0,northern Algeria
2030542,35.707,4.573,0.0,northern Algeria
2030725,35.883,-0.6579999999999999,4.0,northern Algeria
2030730,35.87,-0.607,0.0,northern Algeria
2030737,35.871,-0.531,0.0,northern Algeria
2030742,35.775,-0.5920000000000001,0.0,northern Algeria
2030755,35.944,-0.789,0.0,northern Algeria
2030757,35.875,-0.602,0.0,northern Algeria
2030764,35.827,-0.63,0.0,northern Algeria
2030779,35.903,-0.547,0.0,northern Algeria
2030796,35.896,-0.7190000000000001,0.0,northern Algeria
2030809,35.802,-0.499,20.8,northern Algeria
2030819,35.817,-0.57,0.0,northern Algeria
2030832,35.78800000000001,-0.5429999999999999,0.0,northern Algeria
2030844,35.87699999999999,-0.649,0.0,northern Algeria
2030850,35.955,-0.5710000000000001,0.0,northern Algeria
2030854,35.976,-0.638,0.0,northern Algeria
2030860,35.778,-0.615,19.4,northern Algeria
2030861,35.91,-0.605,19.3,northern Algeria
2030900,35.872,-0.486,10.0,northern Algeria
2030984,35.947,-0.6679999999999999,0.0,northern Algeria
2031329,35.939,-0.644,16.8,northern Algeria
2032050,35.935,-0.5539999999999999,0.0,northern Algeria
2032645,35.86199999999999,-0.595,10.0,northern Algeria
2032891,35.779,-0.494,35.0,northern Algeria
2032904,35.692,-0.535,31.9,northern Algeria
2033487,35.705,-0.495,10.0,northern Algeria
2033544,36.901,3.36,0.0,northern Algeria
2033677,35.821,-0.6679999999999999,29.4,northern Algeria
2034624,36.217,1.051,6.0,northern Algeria
2034626,36.398,0.981,0.0,northern Algeria
2034629,36.214,1.221,20.1,northern Algeria
2034631,36.324,1.136,0.0,northern Algeria
2034632,36.264,1.094,0.0,northern Algeria
2034669,36.301,1.18,0.0,northern Algeria
2034994,35.796,-0.5670000000000001,26.3,northern Algeria
2034998,36.968,5.022,0.0,northern Algeria
2035055,35.822,-0.524,33.8,northern Algeria
2036492,36.668,5.9689999999999985,0.0,northern Algeria
2037420,35.274,-1.452,11.5,northern Algeria
2039457,36.611,4.704,0.0,northern Algeria
2039970,35.779,6.03,2.0,northern Algeria
2042606,36.3,1.4,30.0,northern Algeria
2043074,36.649,1.4069999999999998,0.0,northern Algeria
2043704,35.064,-1.944,0.0,northern Algeria
2044653,36.858,3.869,10.0,northern Algeria
2045066,35.641,-0.976,22.0,northern Algeria
2045171,36.88800000000001,5.323,0.0,northern Algeria
2045426,36.694,3.144,0.0,northern Algeria
2048379,36.99800000000001,3.4210000000000003,0.0,northern Algeria
2055022,36.42,1.065,13.7,northern Algeria
2055076,35.685,-0.439,10.0,northern Algeria
2055381,35.655,-0.5589999999999999,10.0,northern Algeria
2055630,36.512,0.925,0.0,northern Algeria
2056594,35.93,-0.637,0.0,northern Algeria
2057370,36.738,5.509,0.0,northern Algeria
2060569,36.965,4.315,10.0,northern Algeria
2060617,36.945,4.335,10.0,northern Algeria
2060637,35.704,0.207,0.0,northern Algeria
2060695,36.887,4.135,30.0,northern Algeria
2060763,36.499,1.263,9.3,northern Algeria
2061544,35.887,4.357,0.0,northern Algeria
2062778,36.712,5.166,0.0,northern Algeria
2064026,36.855,2.047,0.0,northern Algeria
2064610,35.745,-0.541,10.0,northern Algeria
2067938,36.557,2.6910000000000003,0.0,northern Algeria
2068679,34.443000000000005,-1.988,0.0,northern Algeria
2068958,35.552,-0.601,0.0,northern Algeria
2069295,35.464,-0.151,0.0,northern Algeria
2074704,35.828,7.677,5.0,northern Algeria
2074890,36.628,4.619,0.0,northern Algeria
2075072,36.728,3.172,0.0,northern Algeria
2075095,35.272,0.306,18.0,northern Algeria
2077538,36.044,2.713,10.0,northern Algeria
2077921,36.514,0.083,0.0,northern Algeria
2081022,36.636,5.233,10.0,northern Algeria
2081026,35.025,-1.783,0.0,northern Algeria
2082772,36.843,4.248,10.0,northern Algeria
2095445,36.352,1.6230000000000002,10.0,northern Algeria
2106055,35.051,6.43,10.0,northern Algeria
2114541,34.779,6.645,39.4,northern Algeria
2136734,35.898,1.1740000000000002,10.0,northern Algeria
2165424,36.274,1.754,10.1,northern Algeria
2176139,32.86,-0.078,10.0,northern Algeria
2192104,36.862,3.404,8.1,northern Algeria
2211323,35.9,4.12,2.0,northern Algeria
2211980,34.577,7.138,10.0,northern Algeria
2211993,35.94300000000001,4.104,10.0,northern Algeria
2212049,35.996,3.961,10.0,northern Algeria
2213643,36.691,2.859,10.0,northern Algeria
2214787,35.962,4.142,1.0,northern Algeria
2215262,35.85800000000001,4.1080000000000005,10.0,northern Algeria
2218699,36.991,2.954,15.0,northern Algeria
2232636,35.876,5.46,10.1,northern Algeria
2299044,36.797,3.526,10.0,northern Algeria
2381275,36.683,2.92,16.4,northern Algeria
2410983,36.41,0.807,7.5,northern Algeria
2415818,35.713,-0.5920000000000001,24.4,northern Algeria
2416698,36.45,0.855,10.0,northern Algeria
2419731,36.186,4.566,1.0,northern Algeria
2426317,36.497,1.641,10.0,northern Algeria
2432902,33.994,1.854,10.0,northern Algeria
2437100,36.536,5.242000000000001,10.0,northern Algeria
2472800,36.972,4.515,10.0,northern Algeria
2487700,36.941,5.312,10.0,northern Algeria
2487708,36.787,5.195,10.0,northern Algeria
2508887,22.456,5.89,10.0,"41km WNW of Tamanrasset, Algeria"
2511142,36.752,5.279,11.4,"24km NE of Bejaia, Algeria"
2513494,36.902,5.291,14.8,northern Algeria
2513495,36.902,5.291,14.8,northern Algeria
2519227,35.718,5.622000000000001,10.0,"2km WNW of Ras el Aioun, Algeria"
2525517,33.766,7.697999999999999,10.0,northern Algeria
2533671,35.37699999999999,5.644,10.4,"23km W of Ain Touta, Algeria"
2534297,35.731,-0.056,17.3,"20km ESE of Ain el Bya, Algeria"
2539683,36.703,5.261,6.7,"13km ESE of Bejaia, Algeria"
2541165,36.397,3.437,14.0,"23km SW of Lakhdaria, Algeria"
2542442,36.736,5.178,10.0,"8km ESE of Bejaia, Algeria"
2557804,36.534,3.0860000000000003,9.8,"3km ENE of Bouinan, Algeria"
2629227,36.8088,3.6616,14.29,"10km N of Isser, Algeria"
2638224,35.8883,-0.3949,13.96,"12km NW of Ain el Bya, Algeria"
2639704,36.9391,5.6063,10.0,"19km NW of Jijel, Algeria"
2660697,35.73699999999999,0.2223,11.34,"24km SSE of Mostaganem, Algeria"
2660734,35.7854,0.2406,10.0,"21km SE of Mostaganem, Algeria"
2686295,36.8561,3.181,10.0,"11km N of Bordj el Kiffan, Algeria"
2693178,35.7201,0.1522,15.6,"24km SSE of Mostaganem, Algeria"
2699208,36.5346,3.0628,13.94,"1km WSW of Bougara, Algeria"
2703554,36.761,3.1897,10.0,"1km N of Bordj el Kiffan, Algeria"
2724631,36.4023,3.4436,10.0,"22km SW of Lakhdaria, Algeria"
2735926,36.4425,3.013,15.36,"10km S of Bouinan, Algeria"
2736754,36.544,2.9827,10.0,"1km NNW of Bouinan, Algeria"
2737512,36.576,2.9621,21.4,"4km E of Boufarik, Algeria"
2738042,36.4924,3.0247,7.29,"5km SE of Bouinan, Algeria"
2738048,36.4956,3.0527,13.43,"5km SSW of Bougara, Algeria"
2739003,36.5237,3.0667,14.26,"2km SSW of Bougara, Algeria"
2751423,36.4862,3.0115,19.05,"5km SSE of Bouinan, Algeria"
2751480,36.5438,2.985,10.0,"1km NNW of Bouinan, Algeria"
2767235,35.7149,5.7067,10.0,"7km NE of Ras el Aioun, Algeria"
2767528,36.5079,3.0233,10.0,"3km SE of Bouinan, Algeria"
2767667,35.7532,5.6736,10.0,"9km NNE of Ras el Aioun, Algeria"
2767910,36.0433,0.4238,13.67,"32km ENE of Mostaganem, Algeria"
2767986,35.7244,5.6524,10.0,"5km N of Ras el Aioun, Algeria"
2768382,35.6037,5.6919,10.0,"8km SSE of Ras el Aioun, Algeria"
2769449,35.6766,5.6789999999999985,10.0,"3km E of Ras el Aioun, Algeria"
2770506,35.6782,5.6816,21.06,"3km E of Ras el Aioun, Algeria"
2786842,36.7986,5.352,10.0,"24km ENE of Bejaia, Algeria"
2809286,35.671,4.556,10.0,"4km SSE of M'Sila, Algeria"
2877723,36.5297,3.0859,11.12,"1km SSE of Bougara, Algeria"
2899341,36.3728,3.5105,14.57,"17km WNW of Ain Bessem, Algeria"
2911329,36.3384,3.4758,13.16,"18km WNW of Ain Bessem, Algeria"
2915219,36.4313,3.5166,11.43,"16km SSW of Lakhdaria, Algeria"
2915221,36.3224,3.5907,10.0,"8km WNW of Ain Bessem, Algeria"
2915305,36.2418,3.5018,10.0,"16km WSW of Ain Bessem, Algeria"
2915514,36.381,3.4756,10.0,"20km WNW of Ain Bessem, Algeria"
2916164,36.3739,3.4242,10.0,"24km WNW of Ain Bessem, Algeria"
2920460,36.6382,2.3311,10.0,"11km WNW of Tipasa, Algeria"
2920474,36.4002,3.4497,10.0,"22km SW of Lakhdaria, Algeria"
2929054,36.4219,3.4701,10.0,"19km SW of Lakhdaria, Algeria"
2968857,35.9323,4.0112,10.0,"16km WSW of Melouza, Algeria"
2972987,34.7466,6.2349,26.41,"26km WNW of Zeribet el Oued, Algeria"
2973064,34.7499,6.2997,10.24,"20km WNW of Zeribet el Oued, Algeria"
2998612,36.1694,4.4969,10.0,"9km NNE of Mansourah, Algeria"
3009122,36.5481,6.7383,10.38,"13km NE of Didouche Mourad, Algeria"
3040067,34.8184,6.2487,10.4,"28km WNW of Zeribet el Oued, Algeria"
3053820,35.9107,-1.6313,10.0,"70km NW of El Amria, Algeria"
3054970,35.8088,-1.6856,10.0,"62km NNW of Beni Saf, Algeria"
3070429,35.6506,5.8006,10.0,"10km WNW of Merouana, Algeria"
3092959,36.273,1.524,10.0,"9km N of Oued Fodda, Algeria"
3118031,36.3828,2.5471,8.26,"11km SW of El Affroun, Algeria"
3120077,36.4956,2.4881,10.0,"6km ESE of Hadjout, Algeria"
3129430,34.7619,8.3234,10.0,"24km E of Bir el Ater, Algeria"
3159555,36.0172,0.0472,8.04,"10km NNW of Mostaganem, Algeria"
